Company Name,URL
MISR TRAVEL,http://www.misrtravel.net
DECASTRO TOURS,http://www.decastrotours.com
CWT INTERNATIONAL,http://www.cwt.com.eg
EGYPTAIR TOURISM - KARNAK,http://www.karnak.egyptair.com
EL GABRY TRAVEL,http://www.elgabrytravel.com
TRAVEL CHOICE OVERSEAS LTD,http://www.travelchoiceegypt.com
EASTMAR TRAVEL,http://www.eastmar.com
EYRES TOURS,http://www.eyrestours.com
Nasco Tours,http://www.nascotours.com
MTC TRAVEL,http://www.mtcegypt.com
Kanoo Travel,http://www.kanootravel.com
MEMPHIS TOURS,http://www.memphistours.com
EGITALLOYD TRAVEL,http://www.egitalloyd.com
MENA TOURS - S.A.E,http://www.menatours.com.eg
ISIS TRAVEL,http://www.isistravel.com.eg
Cairo Transport & Touring Corporation,http://www.ctc-egypt.com
LUXOR TOURS,http://www.luxortours.com
ITTA TOURS,http://www.ittatours.com
FAYED TRAVEL,http://www.fayedtravel.com
EGYPTIAN MARITIME TOURS,http://www.emttours.com
NAWAS TOURIST,http://www.nawastours.com
KUWAIT AND ARAB COUNTRIES TOURS (KAT),http://www.kat-travel.com
VIP TRAVEL,http://www.viptravel-egypt.com
UNITED TOUR SERVICES U.T.S Travel,http://www.utstravel.com
Al Yaqeen Travel,http://www.alyaqeen-travel.com
NAGGAR TRAVEL,http://www.naggartravel.com
THEBES TOURISM,http://www.thebestourism.com
GLOBAL ORIENT TOURS,http://www.globalorienttours.com
GREEN VALLEY TRAVEL,http://www.greenvalleytravel.com
Sun Pyramid Tours,http://www.sunpyramidtours.com
RED SEA TOURS,http://www.redseatours.com
UNIVERSAL TRAVEL CO,http://www.universaltravel.com.eg
Voco Travel,http://www.vocotravel.com
BLUE SKY TRAVEL,http://www.blueskygroup.net
PYRAMIDS TOURS,http://www.pyramidstours.com
RAA TOURS COMPANY,http://www.raatours.com
GAZ TOURS,http://www.gaztours.com
THE HOPE INTERNATIONAL TRAVEL,http://www.hopetravel.com.eg
PAN ARAB TOURS,http://www.panarabtours.com
SUNNY LAND TOURS,http://www.sunnylandtours.com
AL BEH INTERNATIONAL TRAVEL,http://www.albehtravel.com
SAKKARA TRAVEL GROUP,http://www.sakkaratravel.com
TUTANKHAMON TOURS AND TRAVEL,http://www.tutankhamontours.com
CANAL TOURS,http://www.canaltours.com.eg
HOLIDAY Tours,http://www.holidaytours.com.eg
LUCKY TOURS,http://www.luckytours.com
TRANS EGYPT TRAVEL,http://www.transegypttravel.com
KHATTAB TOURS,http://www.khattabtours.com
KOMET TOURS,http://www.komettours.com
GOLDEN TOURS,http://www.goldentours.com.eg
Beyond The Nile Tours,https://www.beyondtheniletours.com
Itaca Holiday,https://www.itacaholiday.com
AB Voyages Egypt,https://www.abvoyagesegypt.com
Holiday In Egypt,https://www.holidayinegypt.com
STM Tours LLC,https://www.stmtours.com
Travco Holidays,https://www.travcoholidays.com
Explor Egypt,https://www.exploregypt.com
Travel Choice Egypt,https://www.travelchoiceegypt.com
Egypt Top Tours,https://www.egypttoptours.com
EGYPTRA TRAVEL SERVICE,https://www.egyptra.com
Egypt Capital Travel,https://www.egyptcapitaltravel.com
Look at Egypt Tours,https://www.lookategypttours.com
Abercrombie & Kent Egypt,https://www.abercrombiekent.com/egypt
Al Tarek Travel Egypt,https://www.altarektravel.com
Captain Tours & Travels,https://www.captaintours.com
Continental Tours,https://www.continentaltours.com
Diplomatique Tourism Services,https://www.diplomatiquetours.com
Dynasty Travel Service & Incentive,https://www.dynastytravel.com.eg
Egypt Tours Portal,https://www.egypttoursportal.com
Orascom Hotels Management,https://www.orascomhm.com
Revel Hospitality,https://www.revelhospitality.com
Dayra Camp,https://www.dayracamp.com
Lacto Bokashi Egypt,https://www.lactobokashi.com
Almosafer Travel,https://www.almosafer.com
Imperial Egypt Travel,https://www.imperialegypt.com
Maniton Tours - Egypt,https://www.manitontours.com
Havana Hotel,https://www.havanahoteleg.com
Sunrise Hotels,https://www.sunrise-resorts.com
Sharm for Tourism Projects,https://www.sharmtourism.com
Belabn for Dairy Products,https://www.belabn.com
Travel to Egypt Travel Tips and Tourism (Group),https://www.facebook.com/groups/1334082070260582/
Egypt Travel (Group),https://www.facebook.com/groups/1391790768175938/
Egypt Travel Guide (Group),https://www.facebook.com/groups/132946953437450/
Egypt Tours Group (Page),https://www.facebook.com/egypttoursgroup1/
Egypt Eye (Instagram),https://www.instagram.com/egypt_eye_/
Egypt Travel Tours (Instagram),https://www.instagram.com/egypt_travel_tours_/
Noga Tours (Instagram),https://www.instagram.com/noga_tours_egypt/
Egypt Adventures Travel (Instagram),https://www.instagram.com/egyptadventurestravel/
Inside Egypt (Instagram),https://www.instagram.com/inside.egypt/
Excel Travel Egypt (Instagram),https://www.instagram.com/exceltraveldmc/
Look At Egypt Tours (LinkedIn),https://www.linkedin.com/company/look-at-egypt-tours
Travels Of Egypt (LinkedIn),https://www.linkedin.com/company/travels-of-egypt
Your Egypt Tours (LinkedIn),https://www.linkedin.com/company/your-egypt-tours
Unlimited Egypt Travel (LinkedIn),https://www.linkedin.com/company/unlimitedegypttravel
Sahara Egypt Travel (LinkedIn),https://www.linkedin.com/company/sahara-egypt-travel
Gezira Travel DMC (LinkedIn),https://www.linkedin.com/company/gezira-travel-dmc
White House Pyramids View (Facebook),https://www.facebook.com/groups/941771587056327/posts/1116915659541918/
Cuddle Travel (Facebook),https://www.facebook.com/groups/1334082070260582/posts/2684636911871751/
Beyond The Nile Tours (Facebook),https://www.facebook.com/BeyondTheNileTours/
Itaca Holiday (Facebook),https://www.facebook.com/itacaholiday/
AB Voyages Egypt (Facebook),https://www.facebook.com/abvoyagesegypt/
Holiday In Egypt (Facebook),https://www.facebook.com/holidayinegypt/
STM Tours LLC (Facebook),https://www.facebook.com/stmtours/
Travco Holidays (Facebook),https://www.facebook.com/TravcoHolidays/
Explore Egypt (Facebook),https://www.facebook.com/ExploreEgypt/
Travel Choice Egypt (Facebook),https://www.facebook.com/TravelChoiceEgypt/
Egypt Top Tours (Facebook),https://www.facebook.com/EgyptTopTours/
Egyptra Travel Service (Facebook),https://www.facebook.com/Egyptra/
Egypt Capital Travel (Facebook),https://www.facebook.com/EgyptCapitalTravel/
Look at Egypt Tours (Facebook),https://www.facebook.com/LookAtEgyptTours/
Abercrombie & Kent Egypt (Facebook),https://www.facebook.com/AbercrombieKentEgypt/
Al Tarek Travel Egypt (Facebook),https://www.facebook.com/AlTarekTravel/
Captain Tours & Travels (Facebook),https://www.facebook.com/CaptainTours/
Continental Tours (Facebook),https://www.facebook.com/ContinentalTours/
Diplomatique Tourism Services (Facebook),https://www.facebook.com/DiplomatiqueTours/
Dynasty Travel Service & Incentive (Facebook),https://www.facebook.com/DynastyTravelEgypt/
Egypt Tours Portal (Facebook),https://www.facebook.com/EgyptToursPortal/
Orascom Hotels Management (Facebook),https://www.facebook.com/OrascomHotels/
Revel Hospitality (Facebook),https://www.facebook.com/RevelHospitality/
Dayra Camp (Facebook),https://www.facebook.com/DayraCamp/
Lacto Bokashi Egypt (Facebook),https://www.facebook.com/LactoBokashiEgypt/
Almosafer Travel (Facebook),https://www.facebook.com/Almosafer/
Imperial Egypt Travel (Facebook),https://www.facebook.com/ImperialEgyptTravel/
Maniton Tours - Egypt (Facebook),https://www.facebook.com/ManitonTours/
Havana Hotel (Facebook),https://www.facebook.com/HavanaHotelEgypt/
Sunrise Hotels (Facebook),https://www.facebook.com/SunriseResorts/
Sharm for Tourism Projects (Facebook),https://www.facebook.com/SharmTourism/
Belabn for Dairy Products (Facebook),https://www.facebook.com/Belabn/
Egypt Private Tours (Facebook),https://www.facebook.com/EgyptPrivateTours/
Egypt Online Tour (Facebook),https://www.facebook.com/EgyptOnlineTour/
Rehla Now (Facebook),https://www.facebook.com/RehlaNow/
Pyramids Day Tour (Facebook),https://www.facebook.com/PyramidsDayTour/
Dinamo (Facebook),https://www.facebook.com/DinamoEgypt/
Egypt Hoteliers (Group),https://www.facebook.com/groups/114944035343/
The Grand Resort Hurghada Guests (Group),https://www.facebook.com/groups/452335226317118/
Egyptian Hotels Human Resources (Group),https://www.facebook.com/groups/846419396083957/
Hospitality & Tourism Jobs (Group),https://www.facebook.com/groups/Hospitality.Tourism.Jobs/
Hotels Jobs In Egypt (Group),https://www.facebook.com/groups/293485054072186/
Hurghada Rentals (Group),https://www.facebook.com/groups/342780026229211/
Rent in Hurghada (Group),https://www.facebook.com/groups/236577119860534/
Egypt Sahl Hasheesh Andalous rental apartments (Group),https://www.facebook.com/groups/1754030371490651/
Dahab rentals (Group),https://www.facebook.com/groups/182546815184325/
Expats in Egypt (Group),https://www.facebook.com/groups/1484663928714519/
Visit Egypt (Official),https://visitegypt.com/
Egyptair (Official),https://www.egyptair.com/
Blue Nile (Facebook),https://www.facebook.com/BlueNileZamalek/
El Gouna Gateway (Instagram),https://www.instagram.com/elgouna_gateway/
White House Pyramids View (Facebook),https://www.facebook.com/WhiteHousePyramidsView/
Cuddle Travel (Instagram),https://www.instagram.com/cuddletravel/
Beyond The Nile Tours (Instagram),https://www.instagram.com/beyondtheniletours/
Itaca Holiday (Instagram),https://www.instagram.com/itacaholiday/
AB Voyages Egypt (Instagram),https://www.instagram.com/abvoyagesegypt/
Holiday In Egypt (Instagram),https://www.instagram.com/holidayinegypt/
STM Tours LLC (Instagram),https://www.instagram.com/stmtours/
Travco Holidays (Instagram),https://www.instagram.com/travcoholidays/
Explore Egypt (Instagram),https://www.instagram.com/exploreegypt/
Travel Choice Egypt (Instagram),https://www.instagram.com/travelchoiceegypt/
Egypt Top Tours (Instagram),https://www.instagram.com/egypttoptours/
Egyptra Travel Service (Instagram),https://www.instagram.com/egyptra/
Egypt Capital Travel (Instagram),https://www.instagram.com/egyptcapitaltravel/
Look at Egypt Tours (Instagram),https://www.instagram.com/lookategypttours/
Abercrombie & Kent Egypt (Instagram),https://www.instagram.com/abercrombiekentegypt/
Al Tarek Travel Egypt (Instagram),https://www.instagram.com/altarektravel/
Captain Tours & Travels (Instagram),https://www.instagram.com/captaintours/
Continental Tours (Instagram),https://www.instagram.com/continentaltours/
Diplomatique Tourism Services (Instagram),https://www.instagram.com/diplomatiquetours/
Dynasty Travel Service & Incentive (Instagram),https://www.instagram.com/dynastytravelegypt/
Egypt Tours Portal (Instagram),https://www.instagram.com/egypttoursportal/
Orascom Hotels Management (Instagram),https://www.instagram.com/orascomhotels/
Revel Hospitality (Instagram),https://www.instagram.com/revelhospitality/
Dayra Camp (Instagram),https://www.instagram.com/dayracamp/
Lacto Bokashi Egypt (Instagram),https://www.instagram.com/lactobokashiegypt/
Almosafer Travel (Instagram),https://www.instagram.com/almosafer/
Imperial Egypt Travel (Instagram),https://www.instagram.com/imperialegypttravel/
Maniton Tours - Egypt (Instagram),https://www.instagram.com/manitontours/
Havana Hotel (Instagram),https://www.instagram.com/havanahotelegypt/
Sunrise Hotels (Instagram),https://www.instagram.com/sunriseresorts/
Sharm for Tourism Projects (Instagram),https://www.instagram.com/sharmtourism/
Belabn for Dairy Products (Instagram),https://www.instagram.com/belabn/
Egypt Private Tours (Instagram),https://www.instagram.com/egyptprivatetours/
Egypt Online Tour (Instagram),https://www.instagram.com/egyptonlinetour/
Rehla Now (Instagram),https://www.instagram.com/rehlanow/
Pyramids Day Tour (Instagram),https://www.instagram.com/pyramidsdaytour/
Dinamo (Instagram),https://www.instagram.com/dinamoegypt/
Hello Egypt Tours and Travel,http://www.helloegypttours.com
Mirus Voyages,http://www.mirusvoyages.com
Brother Travel,http://www.brothertravel-egypt.com
Egypt Cheap Holiday,http://www.egyptcheapholiday.com
Travco,http://www.travco.com
Traveland,http://www.traveland.com.eg
Pharaoh Egypt Hotel,http://www.PharaohEgypt.com
Royal Zaafarana Hotel and Resort,http://www.royalzaafarana.com
Shepheard Hotel,http://www.shepheard-hotel.com
Garden City House,http://www.gardencityhouse.com
Hurghada Residence Hotel,http://www.hurghadaresidence.com
Panorama Bungalows Resort El Gouna,http://www.panoramabungalows.com
Say For Development and Touristic Investment,http://www.sayyad-egypt.com
Pharaohotels,http://www.pharaohotels.com
Rubex,http://www.rubexegypt.com
Gratsia Tours Agency (LinkedIn),https://www.linkedin.com/company/gratsia-tours-agency
TEZ TOUR Egypt (LinkedIn),https://www.linkedin.com/company/tez-tour-egypt
Santa Maria Tours (LinkedIn),https://www.linkedin.com/pub/santa-maria-tours/16/ab3/56
Misr Travel (LinkedIn),https://www.linkedin.com/company/misr-travel-company
Al Moudira Hotel (Instagram),https://www.instagram.com/almoudirahotel/
Cairo Inn Hotel (Instagram),https://www.instagram.com/cairoinnhotel/
K Boutique Hotel Pyramids (Instagram),https://www.instagram.com/k_boutiquehotelpyramids/
Villa Beirut Restaurant (Instagram),https://www.instagram.com/villabeirut.egypt/
Sayed Effendi Boutique Hotel (Instagram),https://www.instagram.com/sayedeffendi/
Prime Hospitality Management Group (LinkedIn),https://www.linkedin.com/company/prime-hospitality-egypt
Impact Hospitality Group (LinkedIn),https://www.linkedin.com/company/impacthospitalitygroup/
Azur Hospitality (LinkedIn),https://www.linkedin.com/company/azur-hotels-and-resorts
Baky Hospitality Group (LinkedIn),https://www.linkedin.com/company/bakyhospitalitygroup
Brassbell Hospitality Group (LinkedIn),https://www.linkedin.com/company/brassbell-hospitality-group
Egyptian Travel Agents Association - Travel Agents Directory,https://www.etaa-egypt.org/SitePages/CompaniesEn.aspx
Visit Egypt Official Website,https://visitegypt.com/
Experience Egypt Official Tourism Website,https://www.experienceegypt.eg/en
TourRadar Egypt Tour Operators Directory,https://www.tourradar.com/g/egypt-tour-operators
MISR Travel,https://www.misrtravel.net/
CWT International Egypt,https://www.mycwt.com/
EgyptAir Tourism - Karnak,https://www.karnak.egyptair.com/
Memphis Tours,https://www.memphistours.com/
Egypt Tours Portal,https://www.egypttoursportal.com/
Travco Travel Company of Egypt,https://travco.com/
Egypt Booking,https://egypt-booking.com/index.php/en/
Egypt Tours Travel,https://egypttours-travel.com/
Egypt Direct Tours,https://www.egyptdirect.co/
Magic Carpet Travel Egypt,https://magiccarpetegypt.com/
Egypt Key Tours,https://egyptkeytours.com/
Emo Tours Egypt,https://www.emotoursegypt.com/en
Emo Tours,https://emotours.com/
Egypt Time Travel,https://egypttimetravel.com/
Nile Holiday,https://nileholiday.com/
Nile Empire,https://www.nileempire.com/
Discovery Tours Egypt,https://discoverytoursegypt.com/
Travel to Egypt Tours,https://www.traveltoegypttours.com/
Sofy Egypt Tours,https://www.sofyegypttours.net/
Happy Egypt,https://www.happyegypt.com/
Hurghada Lovers,https://hurghadalovers.com/
Cairo Nile Cruise,https://www.caironilecruise.com/
Cairo Top Tours,https://www.cairotoptours.com/
Egypt Day Tours,https://egyptdaytours.com/
Your Egypt Tours,https://www.youregypttours.com/
Your Egypt Tours - .net,https://www.youregypttours.net/
Cairo Egypt Tours,https://cairoegypttours.com/
Lady Egypt Tours,https://www.ladyegypt.com/
Osiris Tours,https://www.osiristours.com/
Deluxe Tours Egypt,https://www.deluxetoursegypt.com/
Deluxe Tours Egypt - EG,https://www.deluxetourseg.com/
Deluxe Travel Egypt,https://www.deluxetravelegypt.com/en/
Sun Pyramid Tours,https://www.sunpyramidstours.com/
Planet Tours Egypt,https://planet.com.eg/
Treasure Egypt Tours,https://treasureegypttours.com/
iEgypt Travels,https://iegypttravels.com/
Holiday In Egypt Travels,https://holidayinegypttravels.com/
Holiday in Egypt,https://holidayinegypt.uk/
Beyond The Nile Tours,https://beyondtheniletours.com/
Nilers Tours,https://www.nilerstours.com/
Tour Egypt,http://www.touregypt.net/
Look At Egypt Tours,http://www.lookategyptttours.com/
Kanoo Travel Egypt,https://www.kanootravelegypt.com/
Egitalloyd Travel,https://www.egitalloyd.com/
Isis Travel,https://www.isis.travel/
Luxor Tours,https://www.luxor-tours.com/
ITTA Tours,https://www.ittatours.com/
United Tour Services U.T.S Travel,https://www.utstravel-eg.com/
Blue Sky Travel,https://www.blueskygroup.net/
Red Sea Hotels,https://redseahotels.com/
Pickalbatros Hotels & Resorts,https://www.pickalbatros.com/
Jaz Hotel Group,https://www.jazhotels.com/
Amarina Group,https://www.amarinagroup.com/
Tolip Hotels & Resorts,https://tolipgroup.com/
Cleopatra Luxury Hotels & Resorts,https://www.cleopatraluxuryhotels.com/
The Three Corners Hotels & Resorts,https://threecorners.com/
El Gouna Hotels,https://www.elgouna.com/hotels
Egyptian General Company for Tourism & Hotels,https://www.egoth.com.eg/
Steigenberger ALDAU Resort,https://steigenbergeraldauresort.com/
Azur Hotels & Resorts,https://www.azurhospitality.com/en
V Hotels Egypt,https://thevhotelsegypt.com/
Hwaidak Hotels Group,https://hwaidakhotels.com/
Pyramisa Hotels Cairo,https://www.pyramisahotels.com/cairo-home
SUNRISE Resorts & Cruises,https://www.sunrise-resorts.com/
Savoy Group Sharm El Sheikh,https://www.savoy-sharm.com/
Baron Hotels & Resorts Egypt,https://baronhotelsegypt.com/
Concorde El Salam Hotel Sharm El Sheikh,https://royal-tulip-concorde-sharm-el-sheikh.goldentulip.com/en-us/
IHG Hotels Egypt,https://www.ihg.com/egypt
Novotel Hotels Egypt,https://novotel.accor.com/a/en/destination/country/hotels-egypt-peg.html
Address Beach Resort Marassi,https://www.addresshotels.com/en/resorts/address-beach-resort-marassi/
Seagull Beach Resort,https://www.hurghadaseagull.com/
Egyptian Vacation Club Hotels & Resorts,https://www.evcresorts.com/
Meraki Hurghada,https://meraki-resort.com/hrg/
Egypta Tours - Facebook,https://www.facebook.com/EgyptaToursOfficial/
Egypt Tours Portal - Facebook,https://www.facebook.com/egypttoursportalofficial/
Egypt Tours Group - Facebook,https://www.facebook.com/egypttoursgroup1/
Egypt Tours - Facebook,https://www.facebook.com/egypttourpackages/
Egypt Tours & Travel - Facebook,https://www.facebook.com/wixitripsegypt/
FTS Travels Egypt Tours - Facebook,https://www.facebook.com/ftstravelsegypttours/
Egypt Adventures Travel - Facebook,https://www.facebook.com/egyptadventurestravel/
Lady Egypt Tours - Facebook,https://www.facebook.com/ladyegypttours/
Sun Pyramids Tours Team - Facebook,https://www.facebook.com/sunpyramidstoursteam/
Deluxe Tours Egypt - Facebook,https://www.facebook.com/deluxetoursegypt/
Beyond The Nile Tours - Facebook,https://www.facebook.com/beyondtheniletours/
iEgypt Tours & Travels - Facebook,https://www.facebook.com/IEgypts/
Planet Tours - Facebook,https://www.facebook.com/planeteg/
Treasure Egypt Tours & Travel - Facebook,https://www.facebook.com/Treasure.egypt.tours.and.travel/
SUNRISE Resorts & Cruises - Facebook,https://www.facebook.com/SUNRISEResortsCruises/
Savoy Group Sharm El Sheikh - Facebook,https://www.facebook.com/SavoyGroupSharm/
Concorde El Salam Hotel Cairo - Facebook,https://www.facebook.com/ConcordeElSalamHotelCairo/
Egypt Travel - Facebook Group,https://www.facebook.com/groups/1391790768175938/
Travel to Egypt Travel Tips and Tourism - Facebook Group,https://www.facebook.com/groups/1334082070260582/
Egypt Travel Agent & Tour Operators - Facebook Group,https://www.facebook.com/groups/327185796079405/
Egypt Travel Tips - Facebook Group,https://www.facebook.com/groups/egytraveltips/
Egypt Travel Guide - Facebook Group,https://www.facebook.com/groups/132946953437450/
Egypt Tours Group - Instagram,https://www.instagram.com/egypttoursgroup/
Egypt Tours Portal - Instagram,https://www.instagram.com/egypttoursportalofficial/
Visitors Egypt Tours - Instagram,https://www.instagram.com/visitorsegypttours/
Travel to Egypt Tours - Instagram,https://www.instagram.com/travel.to.egypt.tours/
Egypt Key Tours - Instagram,https://www.instagram.com/egyptkeytours/
Inspiring Egypt Tours - Instagram,https://www.instagram.com/inspiring_egypt_tours/
Cairo Top Tours - Instagram,https://www.instagram.com/cairotoptours/
Your Egypt Tours - Instagram,https://www.instagram.com/youregypttours/
Lady Egypt Tours - Instagram,https://www.instagram.com/ladyegypttours/
Osiris Tours - Instagram,https://www.instagram.com/osiristours/
Deluxe Tours Egypt - Instagram,https://www.instagram.com/egyptdeluxetours/
Planet Tours Egypt - Instagram,https://www.instagram.com/planettours.egypt/
Treasure Egypt Tours - Instagram,https://www.instagram.com/treasureegypttour/
iEgypt Tours & Travels - Instagram,https://www.instagram.com/iegypte/
Beyond The Nile Tours - Instagram,https://www.instagram.com/beyondtheniletours/
Red Sea Hotels - Instagram,https://www.instagram.com/redseahotels/
Bellagio Beach Resort & Spa - Instagram,https://www.instagram.com/bellagioresortspa/
Dana Beach Resort - Instagram,https://www.instagram.com/danabeachresort_official/
Lotus Bay Beach Resort - Instagram,https://www.instagram.com/lotusbayeg/
SUNRISE Resorts & Cruises - Instagram,https://www.instagram.com/sunriseresortsandcruises/
Savoy Group Sharm El Sheikh - Instagram,https://www.instagram.com/savoygroupsharm/
Egypt Tours Portal - LinkedIn,https://ar.linkedin.com/company/egypt-tours-portal
Your Egypt Tours - LinkedIn,https://eg.linkedin.com/company/your-egypt-tours
iEgypt Tours & Travels - LinkedIn,https://www.linkedin.com/company/iegypt-tours-travels
Look At Egypt Tours - LinkedIn,https://www.linkedin.com/company/look-at-egypt-tours
Travel to Egypt Tours - LinkedIn,https://eg.linkedin.com/company/travel-to-egypt-tours
Tour Egypt - LinkedIn,https://www.linkedin.com/company/tour-egypt
Planet Tours & Travel - LinkedIn,https://www.linkedin.com/company/planettours
Treasure Egypt Tours & Travel - LinkedIn,https://eg.linkedin.com/company/treasure-egypt-tours-travel
Red Sea Hotels - LinkedIn,https://eg.linkedin.com/company/red-sea-hotels
SUNRISE Resorts & Cruises - LinkedIn,https://eg.linkedin.com/company/sunrise-resorts-%26-cruises
Savoy Sharm Group - LinkedIn,https://eg.linkedin.com/company/savoysharmgroup